{
    "models": [
        {
            "weights": [
                -0.2175701437734252,
                0.08696409283254078,
                -0.16165617113843428,
                -0.16027100077205916,
                -0.26089974010508965
            ],
            "bias": -0.33100930243823246,
            "time": "2023-10-30 11:45:55",
            "tag": "full",
            "learning_rate": 0.001,
            "epoch": 12,
            "feature_count": 5,
            "batch_size": 64,
            "early_stop": 2,
            "lambda": 0.8,
            "scores": {
                "rouge-1": {
                    "precision": 0.32375360072724974,
                    "recall": 0.36948689261148654,
                    "f1": 0.34511172689400443
                },
                "rouge-2": {
                    "precision": 0.11630266195728772,
                    "recall": 0.14202906672076715,
                    "f1": 0.12788486044252348
                },
                "rouge-4": {
                    "precision": 0.0419462365504854,
                    "recall": 0.05188962039940248,
                    "f1": 0.04639109957615898
                },
                "rouge-l": {
                    "precision": 0.27223053947311227,
                    "recall": 0.3087748223122292,
                    "f1": 0.28935339321301695
                }
            }
        }
    ]
}